Workbook

Sheet Итоги
A2: Шоколадница: итоги 2019 года
A4: Показатель | B4: 2018 | C4: 2019 | D4: Изменение
A5: Выручка, руб. | B5: =Объекты!B32 -> 73885075 | C5: =Объекты!C32 -> 74477846 | D5: =Объекты!E32 -> 0.0080228855
A6: Количество чеков | B6: =Объекты!F32 -> 66063 | C6: =Объекты!G32 -> 60859 | D6: =Объекты!I32 -> -0.078773292
A7: Средний чек, руб. | B7: =Объекты!J32 -> 1118.4033 | C7: =Объекты!K32 -> 1223.777 | D7: =Объекты!L32 -> 0.094218043
A10: Изменение выручки, руб. | B10: =Объекты!D32 -> 592771.5
A12: Эффект числа чеков, руб. | B12: =Объекты!M32 -> -5362668.3
A13: Эффект среднего чека, руб. | B13: =Объекты!N32 -> 5955439.8
A15: Проверка разложения, руб. | B15: =Объекты!O32 -> 0
A17: Эффекты рассчитаны внутри каждой кофейни симметричным методом, затем сложены по сети. Средний чек — выручка / число чеков.
A22: Рост выручки | B22: Вклад, руб. | C22: Падение выручки | D22: Вклад, руб.
A23: =Объекты!A5 -> Кафе10 | B23: =Объекты!D5 -> 1339784.5 | C23: =Объекты!A31 -> Кафе18 | D23: =Объекты!D31 -> -1283300
A24: =Объекты!A6 -> Кафе7 | B24: =Объекты!D6 -> 1232119 | C24: =Объекты!A30 -> Кафе15 | D24: =Объекты!D30 -> -1167411
A25: =Объекты!A7 -> Кафе9 | B25: =Объекты!D7 -> 1196544 | C25: =Объекты!A29 -> Кафе20 | D25: =Объекты!D29 -> -1163713
A26: =Объекты!A8 -> Кафе8 | B26: =Объекты!D8 -> 1039674 | C26: =Объекты!A28 -> Кафе19 | D26: =Объекты!D28 -> -1140196
A27: =Объекты!A9 -> Кафе23 | B27: =Объекты!D9 -> 176463 | C27: =Объекты!A27 -> Кафе17 | D27: =Объекты!D27 -> -1011654
A30: Главный риск: снижение числа чеков. Рост среднего чека компенсировал падение объёма операций. Проверить загрузку и режим работы кофеен 15–20, а также причины скачка среднего чека в кофейнях 7–10.

Sheet Объекты
A2: Вклад кофеен в изменение выручки
A4: Кафе | B4: Выручка 2018, руб. | C4: Выручка 2019, руб. | D4: Изменение, руб. | E4: Изменение, % | F4: Чеки 2018 | G4: Чеки 2019 | H4: Изменение чеков | I4: Изменение чеков, % | J4: Средний чек 2018, руб. | K4: Средний чек 2019, руб. | L4: Изменение ср. чека, % | M4: Эффект числа чеков, руб. | N4: Эффект среднего чека, руб. | O4: Расхождение, руб. | P4: Вклад в рост сети, п.п.
A5: Кафе10 | B5: =SUMIFS(Данные!$D$2:$D$649,Данные!$A$2:$A$649,$A5,Данные!$B$2:$B$649,2018) -> 3039876 | C5: =SUMIFS(Данные!$D$2:$D$649,Данные!$A$2:$A$649,$A5,Данные!$B$2:$B$649,2019) -> 4379660.5 | D5: =C5-B5 -> 1339784.5 | E5: =D5/B5 -> 0.44073656 | F5: =SUMIFS(Данные!$E$2:$E$649,Данные!$A$2:$A$649,$A5,Данные!$B$2:$B$649,2018) -> 2491 | G5: =SUMIFS(Данные!$E$2:$E$649,Данные!$A$2:$A$649,$A5,Данные!$B$2:$B$649,2019) -> 2552 | H5: =G5-F5 -> 61 | I5: =H5/F5 -> 0.024488157 | J5: =B5/F5 -> 1220.3436 | K5: =C5/G5 -> 1716.1679 | L5: =K5/J5-1 -> 0.40629889 | M5: =H5*(J5+K5)/2 -> 89563.602 | N5: =(K5-J5)*(F5+G5)/2 -> 1250220.9 | O5: =ROUND(M5+N5-D5,8) -> 0 | P5: =D5/$B$32*100 -> 1.8133358
A6: Кафе7 | B6: =SUMIFS(Данные!$D$2:$D$649,Данные!$A$2:$A$649,$A6,Данные!$B$2:$B$649,2018) -> 2987726 | C6: =SUMIFS(Данные!$D$2:$D$649,Данные!$A$2:$A$649,$A6,Данные!$B$2:$B$649,2019) -> 4219845 | D6: =C6-B6 -> 1232119 | E6: =D6/B6 -> 0.41239357 | F6: =SUMIFS(Данные!$E$2:$E$649,Данные!$A$2:$A$649,$A6,Данные!$B$2:$B$649,2018) -> 2459 | G6: =SUMIFS(Данные!$E$2:$E$649,Данные!$A$2:$A$649,$A6,Данные!$B$2:$B$649,2019) -> 2509 | H6: =G6-F6 -> 50 | I6: =H6/F6 -> 0.020333469 | J6: =B6/F6 -> 1215.0167 | K6: =C6/G6 -> 1681.8832 | L6: =K6/J6-1 -> 0.38424703 | M6: =H6*(J6+K6)/2 -> 72422.497 | N6: =(K6-J6)*(F6+G6)/2 -> 1159696.5 | O6: =ROUND(M6+N6-D6,8) -> 0 | P6: =D6/$B$32*100 -> 1.6676156
A7: Кафе9 | B7: =SUMIFS(Данные!$D$2:$D$649,Данные!$A$2:$A$649,$A7,Данные!$B$2:$B$649,2018) -> 2917254 | C7: =SUMIFS(Данные!$D$2:$D$649,Данные!$A$2:$A$649,$A7,Данные!$B$2:$B$649,2019) -> 4113798 | D7: =C7-B7 -> 1196544 | E7: =D7/B7 -> 0.41016106 | F7: =SUMIFS(Данные!$E$2:$E$649,Данные!$A$2:$A$649,$A7,Данные!$B$2:$B$649,2018) -> 2461 | G7: =SUMIFS(Данные!$E$2:$E$649,Данные!$A$2:$A$649,$A7,Данные!$B$2:$B$649,2019) -> 2523 | H7: =G7-F7 -> 62 | I7: =H7/F7 -> 0.025193011 | J7: =B7/F7 -> 1185.3937 | K7: =C7/G7 -> 1630.5184 | L7: =K7/J7-1 -> 0.37550788 | M7: =H7*(J7+K7)/2 -> 87293.277 | N7: =(K7-J7)*(F7+G7)/2 -> 1109250.7 | O7: =ROUND(M7+N7-D7,8) -> 0 | P7: =D7/$B$32*100 -> 1.6194664
A8: Кафе8 | B8: =SUMIFS(Данные!$D$2:$D$649,Данные!$A$2:$A$649,$A8,Данные!$B$2:$B$649,2018) -> 2354215 | C8: =SUMIFS(Данные!$D$2:$D$649,Данные!$A$2:$A$649,$A8,Данные!$B$2:$B$649,2019) -> 3393889 | D8: =C8-B8 -> 1039674 | E8: =D8/B8 -> 0.44162237 | F8: =SUMIFS(Данные!$E$2:$E$649,Данные!$A$2:$A$649,$A8,Данные!$B$2:$B$649,2018) -> 2290 | G8: =SUMIFS(Данные!$E$2:$E$649,Данные!$A$2:$A$649,$A8,Данные!$B$2:$B$649,2019) -> 2361 | H8: =G8-F8 -> 71 | I8: =H8/F8 -> 0.031004367 | J8: =B8/F8 -> 1028.0415 | K8: =C8/G8 -> 1437.4795 | L8: =K8/J8-1 -> 0.39826989 | M8: =H8*(J8+K8)/2 -> 87525.993 | N8: =(K8-J8)*(F8+G8)/2 -> 952148.01 | O8: =ROUND(M8+N8-D8,8) -> 0 | P8: =D8/$B$32*100 -> 1.4071502
A9: Кафе23 | B9: =SUMIFS(Данные!$D$2:$D$649,Данные!$A$2:$A$649,$A9,Данные!$B$2:$B$649,2018) -> 3661035 | C9: =SUMIFS(Данные!$D$2:$D$649,Данные!$A$2:$A$649,$A9,Данные!$B$2:$B$649,2019) -> 3837498 | D9: =C9-B9 -> 176463 | E9: =D9/B9 -> 0.048200304 | F9: =SUMIFS(Данные!$E$2:$E$649,Данные!$A$2:$A$649,$A9,Данные!$B$2:$B$649,2018) -> 2995 | G9: =SUMIFS(Данные!$E$2:$E$649,Данные!$A$2:$A$649,$A9,Данные!$B$2:$B$649,2019) -> 3054 | H9: =G9-F9 -> 59 | I9: =H9/F9 -> 0.019699499 | J9: =B9/F9 -> 1222.3823 | K9: =C9/G9 -> 1256.5481 | L9: =K9/J9-1 -> 0.0279502 | M9: =H9*(J9+K9)/2 -> 73128.448 | N9: =(K9-J9)*(F9+G9)/2 -> 103334.55 | O9: =ROUND(M9+N9-D9,8) -> 0 | P9: =D9/$B$32*100 -> 0.23883443
A10: Кафе21 | B10: =SUMIFS(Данные!$D$2:$D$649,Данные!$A$2:$A$649,$A10,Данные!$B$2:$B$649,2018) -> 3013193 | C10: =SUMIFS(Данные!$D$2:$D$649,Данные!$A$2:$A$649,$A10,Данные!$B$2:$B$649,2019) -> 3178364 | D10: =C10-B10 -> 165171 | E10: =D10/B10 -> 0.054815938 | F10: =SUMIFS(Данные!$E$2:$E$649,Данные!$A$2:$A$649,$A10,Данные!$B$2:$B$649,2018) -> 2472 | G10: =SUMIFS(Данные!$E$2:$E$649,Данные!$A$2:$A$649,$A10,Данные!$B$2:$B$649,2019) -> 2527 | H10: =G10-F10 -> 55 | I10: =H10/F10 -> 0.022249191 | J10: =B10/F10 -> 1218.9292 | K10: =C10/G10 -> 1257.7618 | L10: =K10/J10-1 -> 0.031857934 | M10: =H10*(J10+K10)/2 -> 68109.002 | N10: =(K10-J10)*(F10+G10)/2 -> 97061.998 | O10: =ROUND(M10+N10-D10,8) -> 0 | P10: =D10/$B$32*100 -> 0.22355124
A11: Кафе12 | B11: =SUMIFS(Данные!$D$2:$D$649,Данные!$A$2:$A$649,$A11,Данные!$B$2:$B$649,2018) -> 2743147 | C11: =SUMIFS(Данные!$D$2:$D$649,Данные!$A$2:$A$649,$A11,Данные!$B$2:$B$649,2019) -> 2905609 | D11: =C11-B11 -> 162462 | E11: =D11/B11 -> 0.059224679 | F11: =SUMIFS(Данные!$E$2:$E$649,Данные!$A$2:$A$649,$A11,Данные!$B$2:$B$649,2018) -> 2704 | G11: =SUMIFS(Данные!$E$2:$E$649,Данные!$A$2:$A$649,$A11,Данные!$B$2:$B$649,2019) -> 2780 | H11: =G11-F11 -> 76 | I11: =H11/F11 -> 0.028106509 | J11: =B11/F11 -> 1014.4774 | K11: =C11/G11 -> 1045.1831 | L11: =K11/J11-1 -> 0.030267457 | M11: =H11*(J11+K11)/2 -> 78267.1 | N11: =(K11-J11)*(F11+G11)/2 -> 84194.9 | O11: =ROUND(M11+N11-D11,8) -> 0 | P11: =D11/$B$32*100 -> 0.21988473
A12: Кафе5 | B12: =SUMIFS(Данные!$D$2:$D$649,Данные!$A$2:$A$649,$A12,Данные!$B$2:$B$649,2018) -> 3163052 | C12: =SUMIFS(Данные!$D$2:$D$649,Данные!$A$2:$A$649,$A12,Данные!$B$2:$B$649,2019) -> 3324468 | D12: =C12-B12 -> 161416 | E12: =D12/B12 -> 0.051031725 | F12: =SUMIFS(Данные!$E$2:$E$649,Данные!$A$2:$A$649,$A12,Данные!$B$2:$B$649,2018) -> 2565 | G12: =SUMIFS(Данные!$E$2:$E$649,Данные!$A$2:$A$649,$A12,Данные!$B$2:$B$649,2019) -> 2620 | H12: =G12-F12 -> 55 | I12: =H12/F12 -> 0.021442495 | J12: =B12/F12 -> 1233.1587 | K12: =C12/G12 -> 1268.8809 | L12: =K12/J12-1 -> 0.028968082 | M12: =H12*(J12+K12)/2 -> 68806.089 | N12: =(K12-J12)*(F12+G12)/2 -> 92609.911 | O12: =ROUND(M12+N12-D12,8) -> 0 | P12: =D12/$B$32*100 -> 0.21846902
A13: Кафе22 | B13: =SUMIFS(Данные!$D$2:$D$649,Данные!$A$2:$A$649,$A13,Данные!$B$2:$B$649,2018) -> 3018109 | C13: =SUMIFS(Данные!$D$2:$D$649,Данные!$A$2:$A$649,$A13,Данные!$B$2:$B$649,2019) -> 3173162 | D13: =C13-B13 -> 155053 | E13: =D13/B13 -> 0.051374221 | F13: =SUMIFS(Данные!$E$2:$E$649,Данные!$A$2:$A$649,$A13,Данные!$B$2:$B$649,2018) -> 2425 | G13: =SUMIFS(Данные!$E$2:$E$649,Данные!$A$2:$A$649,$A13,Данные!$B$2:$B$649,2019) -> 2490 | H13: =G13-F13 -> 65 | I13: =H13/F13 -> 0.026804124 | J13: =B13/F13 -> 1244.581 | K13: =C13/G13 -> 1274.3622 | L13: =K13/J13-1 -> 0.02392871 | M13: =H13*(J13+K13)/2 -> 81865.657 | N13: =(K13-J13)*(F13+G13)/2 -> 73187.343 | O13: =ROUND(M13+N13-D13,8) -> 0 | P13: =D13/$B$32*100 -> 0.209857
A14: Кафе1 | B14: =SUMIFS(Данные!$D$2:$D$649,Данные!$A$2:$A$649,$A14,Данные!$B$2:$B$649,2018) -> 2886954 | C14: =SUMIFS(Данные!$D$2:$D$649,Данные!$A$2:$A$649,$A14,Данные!$B$2:$B$649,2019) -> 3040795 | D14: =C14-B14 -> 153841 | E14: =D14/B14 -> 0.053288345 | F14: =SUMIFS(Данные!$E$2:$E$649,Данные!$A$2:$A$649,$A14,Данные!$B$2:$B$649,2018) -> 2636 | G14: =SUMIFS(Данные!$E$2:$E$649,Данные!$A$2:$A$649,$A14,Данные!$B$2:$B$649,2019) -> 2717 | H14: =G14-F14 -> 81 | I14: =H14/F14 -> 0.030728376 | J14: =B14/F14 -> 1095.2026 | K14: =C14/G14 -> 1119.1737 | L14: =K14/J14-1 -> 0.021887404 | M14: =H14*(J14+K14)/2 -> 89682.24 | N14: =(K14-J14)*(F14+G14)/2 -> 64158.76 | O14: =ROUND(M14+N14-D14,8) -> 0 | P14: =D14/$B$32*100 -> 0.20821661
A15: Кафе26 | B15: =SUMIFS(Данные!$D$2:$D$649,Данные!$A$2:$A$649,$A15,Данные!$B$2:$B$649,2018) -> 2769222 | C15: =SUMIFS(Данные!$D$2:$D$649,Данные!$A$2:$A$649,$A15,Данные!$B$2:$B$649,2019) -> 2920887 | D15: =C15-B15 -> 151665 | E15: =D15/B15 -> 0.05476809 | F15: =SUMIFS(Данные!$E$2:$E$649,Данные!$A$2:$A$649,$A15,Данные!$B$2:$B$649,2018) -> 2383 | G15: =SUMIFS(Данные!$E$2:$E$649,Данные!$A$2:$A$649,$A15,Данные!$B$2:$B$649,2019) -> 2447 | H15: =G15-F15 -> 64 | I15: =H15/F15 -> 0.026856903 | J15: =B15/F15 -> 1162.0739 | K15: =C15/G15 -> 1193.6604 | L15: =K15/J15-1 -> 0.027181185 | M15: =H15*(J15+K15)/2 -> 75383.496 | N15: =(K15-J15)*(F15+G15)/2 -> 76281.504 | O15: =ROUND(M15+N15-D15,8) -> 0 | P15: =D15/$B$32*100 -> 0.2052715
A16: Кафе24 | B16: =SUMIFS(Данные!$D$2:$D$649,Данные!$A$2:$A$649,$A16,Данные!$B$2:$B$649,2018) -> 3013396 | C16: =SUMIFS(Данные!$D$2:$D$649,Данные!$A$2:$A$649,$A16,Данные!$B$2:$B$649,2019) -> 3163217 | D16: =C16-B16 -> 149821 | E16: =D16/B16 -> 0.049718324 | F16: =SUMIFS(Данные!$E$2:$E$649,Данные!$A$2:$A$649,$A16,Данные!$B$2:$B$649,2018) -> 2648 | G16: =SUMIFS(Данные!$E$2:$E$649,Данные!$A$2:$A$649,$A16,Данные!$B$2:$B$649,2019) -> 2715 | H16: =G16-F16 -> 67 | I16: =H16/F16 -> 0.025302115 | J16: =B16/F16 -> 1137.9894 | K16: =C16/G16 -> 1165.0891 | L16: =K16/J16-1 -> 0.023813673 | M16: =H16*(J16+K16)/2 -> 77153.132 | N16: =(K16-J16)*(F16+G16)/2 -> 72667.868 | O16: =ROUND(M16+N16-D16,8) -> 0 | P16: =D16/$B$32*100 -> 0.20277573
... A31: Кафе18 | B31: =SUMIFS(Данные!$D$2:$D$649,Данные!$A$2:$A$649,$A31,Данные!$B$2:$B$649,2018) -> 2860997 | C31: =SUMIFS(Данные!$D$2:$D$649,Данные!$A$2:$A$649,$A31,Данные!$B$2:$B$649,2019) -> 1577697 | D31: =C31-B31 -> -1283300 | E31: =D31/B31 -> -0.44854993 | F31: =SUMIFS(Данные!$E$2:$E$649,Данные!$A$2:$A$649,$A31,Данные!$B$2:$B$649,2018) -> 2594 | G31: =SUMIFS(Данные!$E$2:$E$649,Данные!$A$2:$A$649,$A31,Данные!$B$2:$B$649,2019) -> 1403 | H31: =G31-F31 -> -1191 | I31: =H31/F31 -> -0.45913647 | J31: =B31/F31 -> 1102.9287 | K31: =C31/G31 -> 1124.5167 | L31: =K31/J31-1 -> 0.019573404 | M31: =H31*(J31+K31)/2 -> -1326443.8 | N31: =(K31-J31)*(F31+G31)/2 -> 43143.754 | O31: =ROUND(M31+N31-D31,8) -> 0 | P31: =D31/$B$32*100 -> -1.7368866
A32: Итого | B32: =SUM(B5:B31) -> 73885075 | C32: =SUM(C5:C31) -> 74477846 | D32: =SUM(D5:D31) -> 592771.5 | E32: =D32/B32 -> 0.0080228855 | F32: =SUM(F5:F31) -> 66063 | G32: =SUM(G5:G31) -> 60859 | H32: =SUM(H5:H31) -> -5204 | I32: =H32/F32 -> -0.078773292 | J32: =B32/F32 -> 1118.4033 | K32: =C32/G32 -> 1223.777 | L32: =K32/J32-1 -> 0.094218043 | M32: =SUM(M5:M31) -> -5362668.3 | N32: =SUM(N5:N31) -> 5955439.8 | O32: =SUM(O5:O31) -> 0 | P32: =SUM(P5:P31) -> 0.80228855

Sheet По месяцам
A2: Динамика по месяцам
A4: Месяц | B4: Выручка 2018, руб. | C4: Выручка 2019, руб. | D4: Изменение, руб. | E4: Изменение, % | F4: Чеки 2018 | G4: Чеки 2019
A5: 1 | B5: =SUMIFS(Данные!$D$2:$D$649,Данные!$B$2:$B$649,2018,Данные!$C$2:$C$649,$A5) -> 5663634 | C5: =SUMIFS(Данные!$D$2:$D$649,Данные!$B$2:$B$649,2019,Данные!$C$2:$C$649,$A5) -> 5936162 | D5: =C5-B5 -> 272528 | E5: =D5/B5 -> 0.048118929 | F5: =SUMIFS(Данные!$E$2:$E$649,Данные!$B$2:$B$649,2018,Данные!$C$2:$C$649,$A5) -> 4974 | G5: =SUMIFS(Данные!$E$2:$E$649,Данные!$B$2:$B$649,2019,Данные!$C$2:$C$649,$A5) -> 5098
A6: 2 | B6: =SUMIFS(Данные!$D$2:$D$649,Данные!$B$2:$B$649,2018,Данные!$C$2:$C$649,$A6) -> 5771042 | C6: =SUMIFS(Данные!$D$2:$D$649,Данные!$B$2:$B$649,2019,Данные!$C$2:$C$649,$A6) -> 5477191 | D6: =C6-B6 -> -293851 | E6: =D6/B6 -> -0.050918188 | F6: =SUMIFS(Данные!$E$2:$E$649,Данные!$B$2:$B$649,2018,Данные!$C$2:$C$649,$A6) -> 5198 | G6: =SUMIFS(Данные!$E$2:$E$649,Данные!$B$2:$B$649,2019,Данные!$C$2:$C$649,$A6) -> 4777
A7: 3 | B7: =SUMIFS(Данные!$D$2:$D$649,Данные!$B$2:$B$649,2018,Данные!$C$2:$C$649,$A7) -> 5423401 | C7: =SUMIFS(Данные!$D$2:$D$649,Данные!$B$2:$B$649,2019,Данные!$C$2:$C$649,$A7) -> 5131741 | D7: =C7-B7 -> -291660 | E7: =D7/B7 -> -0.053778063 | F7: =SUMIFS(Данные!$E$2:$E$649,Данные!$B$2:$B$649,2018,Данные!$C$2:$C$649,$A7) -> 5213 | G7: =SUMIFS(Данные!$E$2:$E$649,Данные!$B$2:$B$649,2019,Данные!$C$2:$C$649,$A7) -> 4745
A8: 4 | B8: =SUMIFS(Данные!$D$2:$D$649,Данные!$B$2:$B$649,2018,Данные!$C$2:$C$649,$A8) -> 6140414 | C8: =SUMIFS(Данные!$D$2:$D$649,Данные!$B$2:$B$649,2019,Данные!$C$2:$C$649,$A8) -> 6106003 | D8: =C8-B8 -> -34411 | E8: =D8/B8 -> -0.0056040195 | F8: =SUMIFS(Данные!$E$2:$E$649,Данные!$B$2:$B$649,2018,Данные!$C$2:$C$649,$A8) -> 5788 | G8: =SUMIFS(Данные!$E$2:$E$649,Данные!$B$2:$B$649,2019,Данные!$C$2:$C$649,$A8) -> 5262
A9: 5 | B9: =SUMIFS(Данные!$D$2:$D$649,Данные!$B$2:$B$649,2018,Данные!$C$2:$C$649,$A9) -> 6679628 | C9: =SUMIFS(Данные!$D$2:$D$649,Данные!$B$2:$B$649,2019,Данные!$C$2:$C$649,$A9) -> 6883227 | D9: =C9-B9 -> 203599 | E9: =D9/B9 -> 0.03048059 | F9: =SUMIFS(Данные!$E$2:$E$649,Данные!$B$2:$B$649,2018,Данные!$C$2:$C$649,$A9) -> 5590 | G9: =SUMIFS(Данные!$E$2:$E$649,Данные!$B$2:$B$649,2019,Данные!$C$2:$C$649,$A9) -> 5207
A10: 6 | B10: =SUMIFS(Данные!$D$2:$D$649,Данные!$B$2:$B$649,2018,Данные!$C$2:$C$649,$A10) -> 6351750 | C10: =SUMIFS(Данные!$D$2:$D$649,Данные!$B$2:$B$649,2019,Данные!$C$2:$C$649,$A10) -> 6440722 | D10: =C10-B10 -> 88972 | E10: =D10/B10 -> 0.014007478 | F10: =SUMIFS(Данные!$E$2:$E$649,Данные!$B$2:$B$649,2018,Данные!$C$2:$C$649,$A10) -> 5465 | G10: =SUMIFS(Данные!$E$2:$E$649,Данные!$B$2:$B$649,2019,Данные!$C$2:$C$649,$A10) -> 4869
A11: 7 | B11: =SUMIFS(Данные!$D$2:$D$649,Данные!$B$2:$B$649,2018,Данные!$C$2:$C$649,$A11) -> 6401324 | C11: =SUMIFS(Данные!$D$2:$D$649,Данные!$B$2:$B$649,2019,Данные!$C$2:$C$649,$A11) -> 6594020 | D11: =C11-B11 -> 192696 | E11: =D11/B11 -> 0.030102523 | F11: =SUMIFS(Данные!$E$2:$E$649,Данные!$B$2:$B$649,2018,Данные!$C$2:$C$649,$A11) -> 5522 | G11: =SUMIFS(Данные!$E$2:$E$649,Данные!$B$2:$B$649,2019,Данные!$C$2:$C$649,$A11) -> 5191
A12: 8 | B12: =SUMIFS(Данные!$D$2:$D$649,Данные!$B$2:$B$649,2018,Данные!$C$2:$C$649,$A12) -> 6428169 | C12: =SUMIFS(Данные!$D$2:$D$649,Данные!$B$2:$B$649,2019,Данные!$C$2:$C$649,$A12) -> 6422004 | D12: =C12-B12 -> -6165 | E12: =D12/B12 -> -0.00095906004 | F12: =SUMIFS(Данные!$E$2:$E$649,Данные!$B$2:$B$649,2018,Данные!$C$2:$C$649,$A12) -> 5591 | G12: =SUMIFS(Данные!$E$2:$E$649,Данные!$B$2:$B$649,2019,Данные!$C$2:$C$649,$A12) -> 5073
A13: 9 | B13: =SUMIFS(Данные!$D$2:$D$649,Данные!$B$2:$B$649,2018,Данные!$C$2:$C$649,$A13) -> 5999622 | C13: =SUMIFS(Данные!$D$2:$D$649,Данные!$B$2:$B$649,2019,Данные!$C$2:$C$649,$A13) -> 6046611 | D13: =C13-B13 -> 46989 | E13: =D13/B13 -> 0.0078319934 | F13: =SUMIFS(Данные!$E$2:$E$649,Данные!$B$2:$B$649,2018,Данные!$C$2:$C$649,$A13) -> 5661 | G13: =SUMIFS(Данные!$E$2:$E$649,Данные!$B$2:$B$649,2019,Данные!$C$2:$C$649,$A13) -> 5160
A14: 10 | B14: =SUMIFS(Данные!$D$2:$D$649,Данные!$B$2:$B$649,2018,Данные!$C$2:$C$649,$A14) -> 6902381 | C14: =SUMIFS(Данные!$D$2:$D$649,Данные!$B$2:$B$649,2019,Данные!$C$2:$C$649,$A14) -> 7127734 | D14: =C14-B14 -> 225353 | E14: =D14/B14 -> 0.032648589 | F14: =SUMIFS(Данные!$E$2:$E$649,Данные!$B$2:$B$649,2018,Данные!$C$2:$C$649,$A14) -> 5916 | G14: =SUMIFS(Данные!$E$2:$E$649,Данные!$B$2:$B$649,2019,Данные!$C$2:$C$649,$A14) -> 5404
A15: 11 | B15: =SUMIFS(Данные!$D$2:$D$649,Данные!$B$2:$B$649,2018,Данные!$C$2:$C$649,$A15) -> 6286122 | C15: =SUMIFS(Данные!$D$2:$D$649,Данные!$B$2:$B$649,2019,Данные!$C$2:$C$649,$A15) -> 6601156 | D15: =C15-B15 -> 315034 | E15: =D15/B15 -> 0.050115795 | F15: =SUMIFS(Данные!$E$2:$E$649,Данные!$B$2:$B$649,2018,Данные!$C$2:$C$649,$A15) -> 5579 | G15: =SUMIFS(Данные!$E$2:$E$649,Данные!$B$2:$B$649,2019,Данные!$C$2:$C$649,$A15) -> 5094
A16: 12 | B16: =SUMIFS(Данные!$D$2:$D$649,Данные!$B$2:$B$649,2018,Данные!$C$2:$C$649,$A16) -> 5837588 | C16: =SUMIFS(Данные!$D$2:$D$649,Данные!$B$2:$B$649,2019,Данные!$C$2:$C$649,$A16) -> 5711275.5 | D16: =C16-B16 -> -126312.5 | E16: =D16/B16 -> -0.021637789 | F16: =SUMIFS(Данные!$E$2:$E$649,Данные!$B$2:$B$649,2018,Данные!$C$2:$C$649,$A16) -> 5566 | G16: =SUMIFS(Данные!$E$2:$E$649,Данные!$B$2:$B$649,2019,Данные!$C$2:$C$649,$A16) -> 4979
A17: Итого | B17: =SUM(B5:B16) -> 73885075 | C17: =SUM(C5:C16) -> 74477846 | D17: =SUM(D5:D16) -> 592771.5 | E17: =D17/B17 -> 0.0080228855 | F17: =SUM(F5:F16) -> 66063 | G17: =SUM(G5:G16) -> 60859

Sheet Данные
A1: Объект | B1: Год | C1: Месяц | D1: Выручка, руб. | E1: Количество чеков
A2: Кафе1 | B2: 2018 | C2: 1 | D2: 144557 | E2: 193
A3: Кафе1 | B3: 2018 | C3: 2 | D3: 147932 | E3: 124
A4: Кафе1 | B4: 2018 | C4: 3 | D4: 189174 | E4: 246
A5: Кафе1 | B5: 2018 | C5: 4 | D5: 163876 | E5: 212
A6: Кафе1 | B6: 2018 | C6: 5 | D6: 310964 | E6: 269
A7: Кафе1 | B7: 2018 | C7: 6 | D7: 180348 | E7: 226
A8: Кафе1 | B8: 2018 | C8: 7 | D8: 221238 | E8: 241
A9: Кафе1 | B9: 2018 | C9: 8 | D9: 444314 | E9: 299
A10: Кафе1 | B10: 2018 | C10: 9 | D10: 239064 | E10: 168
A11: Кафе1 | B11: 2018 | C11: 10 | D11: 238875 | E11: 195
A12: Кафе1 | B12: 2018 | C12: 11 | D12: 210684 | E12: 181
A13: Кафе1 | B13: 2018 | C13: 12 | D13: 395928 | E13: 282
... A649: Кафе9 | B649: 2019 | C649: 12 | D649: 156009 | E649: 133
